{"train-auc": 0.983009, "test-auc": 0.982866, "_step": 999, "_runtime": 393, "_timestamp": 1611096549}