{"graph": {"_type": "graph-file", "path": "media/graph/graph_summary_8fcfe67e.graph.json", "sha256": "8fcfe67e36d0b1181efd81b0bd1e1841243fd094587ac40db09209c35c45a0af", "size": 1479}, "epoch": 28, "loss": 0.34609454870224, "accuracy": 0.8448114991188049, "val_loss": 0.38852497935295105, "val_accuracy": 0.826252281665802, "_step": 28, "_runtime": 172, "_timestamp": 1612820608, "best_val_loss": 0.3803231120109558, "best_epoch": 18}