{"train-auc": 0.983106, "test-auc": 0.935792, "_step": 999, "_runtime": 407, "_timestamp": 1611443841}