{"train-auc": 0.985213, "test-auc": 0.985094, "_step": 999, "_runtime": 451, "_timestamp": 1611498810}