{"graph": {"_type": "graph-file", "path": "media/graph/graph_summary_5b4ba18e.graph.json", "sha256": "5b4ba18e02ee7e7606fedbd86132c357faeabcbc722534ce989a4c8f61f7c83d", "size": 1360}, "epoch": 62, "loss": 0.31218746304512024, "accuracy": 0.8647202849388123, "val_loss": 0.4387173354625702, "val_accuracy": 0.821681022644043, "_step": 62, "_runtime": 620, "_timestamp": 1612825029, "best_val_loss": 0.39773911237716675, "best_epoch": 17}