{"graph": {"_type": "graph-file", "path": "media/graph/graph_summary_215634e6.graph.json", "sha256": "215634e636bb791d1bf1d87c30787aaa773bc3e4117791fa6d45dd7c8da6efbf", "size": 1337}, "epoch": 27, "loss": 0.25765541195869446, "accuracy": 0.9044225811958313, "val_loss": 0.44692984223365784, "val_accuracy": 0.8245236873626709, "_step": 27, "_runtime": 245, "_timestamp": 1612991157, "best_val_loss": 0.40095674991607666, "best_epoch": 14}