{"train-auc": 0.984888, "test-auc": 0.984557, "_step": 999, "_runtime": 348, "_timestamp": 1611433759}