{"train-auc": 0.900547, "test-auc": 0.864702, "_step": 199, "_runtime": 69, "_timestamp": 1610883449}