{"train-auc": 0.828882, "test-auc": 0.815989, "_step": 4, "_runtime": 4, "_timestamp": 1610843134}