{"train-auc": 0.983811, "test-auc": 0.983737, "_step": 999, "_runtime": 85, "_timestamp": 1610988276}