{"graph": {"_type": "graph-file", "path": "media/graph/graph_summary_92895183.graph.json", "sha256": "928951832bd1239a2a4d2f7b42167ac86b0b3956871fd6b475072e2154f42269", "size": 1321}, "epoch": 19, "loss": 0.2437257617712021, "accuracy": 0.9043553471565247, "val_loss": 0.45606300234794617, "val_accuracy": 0.8220267295837402, "_step": 19, "_runtime": 362, "_timestamp": 1612990883, "best_val_loss": 0.39353299140930176, "best_epoch": 6}