{"graph": {"_type": "graph-file", "path": "media/graph/graph_summary_0c6f5675.graph.json", "sha256": "0c6f5675866233c0118cf59fe4b517634582187af2620807e11417cd4f91935d", "size": 1345}, "epoch": 10, "loss": 0.5202388167381287, "accuracy": 0.7838463187217712, "val_loss": 0.5182469487190247, "val_accuracy": 0.7831898927688599, "_step": 10, "_runtime": 58, "_timestamp": 1612821954, "best_val_loss": 0.5182469487190247, "best_epoch": 1}