{"train-auc": 0.920099, "test-auc": 0.835711, "_step": 175, "_runtime": 230, "_timestamp": 1613240872}