{"train-auc": 0.99091, "test-auc": 0.867132, "_step": 999, "_runtime": 132, "_timestamp": 1612130990}