{"graph": {"_type": "graph-file", "path": "media/graph/graph_summary_4e20edc8.graph.json", "sha256": "4e20edc87f75a12939276e0b08589a2593388221e7b07552b353fb48ee08a8be", "size": 1345}, "epoch": 15, "loss": 0.8538224697113037, "accuracy": 0.6641920804977417, "val_loss": 0.8276329636573792, "val_accuracy": 0.7742394208908081, "_step": 15, "_runtime": 78, "_timestamp": 1612822272, "best_val_loss": 0.8276329636573792, "best_epoch": 1}