{"train-auc": 0.900546, "test-auc": 0.861276, "_step": 99, "_runtime": 40, "_timestamp": 1612201320}