{"graph": {"_type": "graph-file", "path": "media/graph/graph_summary_d687a888.graph.json", "sha256": "d687a888cbf69210777e0310d842f08c83e4a73e15d1fae278e9760e66d9f37a", "size": 1486}, "epoch": 22, "loss": 0.3587683141231537, "accuracy": 0.8400288224220276, "val_loss": 0.3924037218093872, "val_accuracy": 0.8250230550765991, "_step": 22, "_runtime": 139, "_timestamp": 1612820928, "best_val_loss": 0.38912636041641235, "best_epoch": 13}