{"train-auc": 0.94142, "test-auc": 0.866846, "_step": 299, "_runtime": 103, "_timestamp": 1611091006}