{"train-auc": 0.906821, "test-auc": 0.865051, "_step": 213, "_runtime": 264, "_timestamp": 1612991512}