{"train-auc": 0.935637, "test-auc": 0.857216, "_step": 299, "_runtime": 98, "_timestamp": 1611095976}