{"train-auc": 0.980008, "test-auc": 0.979428, "_step": 999, "_runtime": 416, "_timestamp": 1611448337}