{"graph": {"_type": "graph-file", "path": "media/graph/graph_summary_2d8e7cda.graph.json", "sha256": "2d8e7cda9b38e7d4a8feb135e048b35450c755ae6c44f8e5f142a8acc6da667b", "size": 1418}, "epoch": 51, "loss": 0.32622048258781433, "accuracy": 0.853378176689148, "_step": 51, "_runtime": 290, "_timestamp": 1612819291}