{"graph": {"_type": "graph-file", "path": "media/graph/graph_summary_5066bf74.graph.json", "sha256": "5066bf7415bf81df3af40e4797d50bc873bc6451065420fd77541b151faa4df3", "size": 1345}, "epoch": 49, "loss": 0.37790316343307495, "accuracy": 0.8368211388587952, "val_loss": 0.40501949191093445, "val_accuracy": 0.8247541785240173, "_step": 49, "_runtime": 230, "_timestamp": 1612821360, "best_val_loss": 0.40501949191093445, "best_epoch": 49}