{"graph": {"_type": "graph-file", "path": "media/graph/graph_summary_595558ae.graph.json", "sha256": "595558ae4255606acdd3a4f61bba38052ef0e1d4fd8d80fb9061807b741353e1", "size": 1314}, "epoch": 28, "loss": 0.2528380751609802, "accuracy": 0.9035088419914246, "val_loss": 0.21075162291526794, "val_accuracy": 0.9323524832725525, "_step": 28, "_runtime": 348, "_timestamp": 1614201569, "best_val_loss": 0.21075162291526794, "best_epoch": 28}