{"train-auc": 0.963231, "test-auc": 0.964162, "_step": 999, "_runtime": 1546, "_timestamp": 1612995669}