{"train-auc": 0.93249, "test-auc": 0.867363, "_step": 499, "_runtime": 160, "_timestamp": 1610883867}