{"graph": {"_type": "graph-file", "path": "media/graph/graph_summary_be52d481.graph.json", "sha256": "be52d481defa6b434b5af32c5ac652e726af3e8dad1d9fed7a276afca1138add", "size": 1284}, "epoch": 49, "loss": 0.1815524697303772, "accuracy": 0.9341257214546204, "val_loss": 0.13170547783374786, "val_accuracy": 0.9597418308258057, "_step": 49, "_runtime": 2265, "_timestamp": 1614198014, "best_val_loss": 0.13138221204280853, "best_epoch": 48}