{"train-auc": 0.933785, "test-auc": 0.933628, "_step": 559, "_runtime": 250, "_timestamp": 1611775650}