{"train-auc": 0.985507, "test-auc": 0.835689, "_step": 751, "_runtime": 969, "_timestamp": 1613240057}