{"train-auc": 0.987769, "test-auc": 0.864401, "_step": 999, "_runtime": 331, "_timestamp": 1611437897}