{"train-auc": 0.980296, "test-auc": 0.979774, "_step": 999, "_runtime": 395, "_timestamp": 1611438439}