{"graph": {"_type": "graph-file", "path": "media/graph/graph_summary_e125012c.graph.json", "sha256": "e125012ca0735ef4f1e2a7a1edbb71a2b5441d707dd8f391c730c3a5669f54fc", "size": 1360}, "epoch": 83, "loss": 0.3455588221549988, "accuracy": 0.8522160649299622, "val_loss": 0.41068151593208313, "val_accuracy": 0.822449266910553, "_step": 83, "_runtime": 395, "_timestamp": 1612824332, "best_val_loss": 0.40332525968551636, "best_epoch": 47}