{"graph": {"_type": "graph-file", "path": "media/graph/graph_summary_7aeeb418.graph.json", "sha256": "7aeeb4184609a96dcab595b4d2354584631717bfcee8be2480635b5058e4606a", "size": 1486}, "epoch": 48, "loss": 0.3657875657081604, "accuracy": 0.8365522027015686, "val_loss": 0.40199756622314453, "val_accuracy": 0.822449266910553, "_step": 48, "_runtime": 240, "_timestamp": 1612821647, "best_val_loss": 0.3998561501502991, "best_epoch": 36}