{"train-auc": 0.990104, "test-auc": 0.861723, "_step": 999, "_runtime": 302, "_timestamp": 1613241217}