{"train-auc": 0.991363, "test-auc": 0.865966, "_step": 999, "_runtime": 222, "_timestamp": 1611431134}