{"train-auc": 0.851867, "test-auc": 0.835564, "_step": 199, "_runtime": 83, "_timestamp": 1610844087}