{"train-auc": 0.93302, "test-auc": 0.932887, "_step": 299, "_runtime": 30, "_timestamp": 1610987620}