{"graph": {"_type": "graph-file", "path": "media/graph/graph_summary_261ead0b.graph.json", "sha256": "261ead0b3cc363d2d924c6a511d6ab592b482aaf7631de4fc905a216659abdc0", "size": 899}, "epoch": 42, "loss": 0.6158121824264526, "accuracy": 0.7838463187217712, "val_loss": 0.6167286038398743, "val_accuracy": 0.7831898927688599, "_step": 42, "_runtime": 150, "_timestamp": 1612822162, "best_val_loss": 0.6167286038398743, "best_epoch": 0}