{"train-auc": 0.984325, "test-auc": 0.984271, "_step": 999, "_runtime": 524, "_timestamp": 1611772108}