{"train-auc": 0.984858, "test-auc": 0.868469, "_step": 1499, "_runtime": 1767, "_timestamp": 1612993812}