{"auc_auc": 0.8705658770744072, "_step": 1239, "_runtime": 1662, "_timestamp": 1610758683, "val_auc": 0.8632115981598038}