{"train-auc": 0.939748, "test-auc": 0.867636, "_step": 299, "_runtime": 102, "_timestamp": 1611093457}