{"train-auc": 0.940836, "test-auc": 0.866927, "_step": 299, "_runtime": 97, "_timestamp": 1611095279}