{"train-auc": 0.941216, "test-auc": 0.867529, "_step": 299, "_runtime": 103, "_timestamp": 1611089935}