{"graph": {"_type": "graph-file", "path": "media/graph/graph_summary_35929225.graph.json", "sha256": "3592922565b0d6ca70accad664f46e358457ffccd1a006612d6c5651f87f0fc8", "size": 1345}, "epoch": 91, "loss": 0.33915576338768005, "accuracy": 0.8548859357833862, "val_loss": 0.4162881672382355, "val_accuracy": 0.8169560432434082, "_step": 91, "_runtime": 409, "_timestamp": 1612822709, "best_val_loss": 0.4028817415237427, "best_epoch": 53}