{"train-auc": 0.963559, "test-auc": 0.96354, "_step": 599, "_runtime": 277, "_timestamp": 1611776497}