{"train-auc": 0.958719, "test-auc": 0.958629, "_step": 979, "_runtime": 436, "_timestamp": 1611774759}