{"train-auc": 0.983362, "test-auc": 0.947609, "_step": 999, "_runtime": 410, "_timestamp": 1611440429}