{"train-auc": 0.900656, "test-auc": 0.861157, "_step": 199, "_runtime": 82, "_timestamp": 1610843719}