{"train-auc": 0.936738, "test-auc": 0.936255, "_step": 599, "_runtime": 233, "_timestamp": 1611776090}