{"train-auc": 0.980366, "test-auc": 0.979602, "_step": 999, "_runtime": 411, "_timestamp": 1611439555}