{"train-auc": 0.979901, "test-auc": 0.979767, "_step": 999, "_runtime": 404, "_timestamp": 1611448953}