{"train-auc": 0.985084, "test-auc": 0.985082, "_step": 999, "_runtime": 267, "_timestamp": 1611431449}