{"train-auc": 0.999046, "test-auc": 0.851812, "_step": 999, "_runtime": 7040, "_timestamp": 1613087006}