{"train-rmse": 0.448439, "test-rmse": 0.449254, "_step": 4, "_runtime": 5, "_timestamp": 1610842975}