{"train-auc": 0.983475, "test-auc": 0.983902, "_step": 979, "_runtime": 522, "_timestamp": 1611773614}