{"train-auc": 0.936603, "test-auc": 0.936491, "_step": 599, "_runtime": 269, "_timestamp": 1611775173}