{"train-auc": 0.964053, "test-auc": 0.867412, "_step": 499, "_runtime": 39, "_timestamp": 1610986867}