{"train-auc": 0.983009, "test-auc": 0.900649, "_step": 999, "_runtime": 418, "_timestamp": 1611444991}