{"graph": {"_type": "graph-file", "path": "media/graph/graph_summary_f5c058d0.graph.json", "sha256": "f5c058d0df4a3aa19a384b70eb91c4cb2fbdc9d2a3324a952ec1cf93641a3cdd", "size": 899}, "epoch": 15, "loss": 0.3447170853614807, "accuracy": 0.8494886159896851, "val_loss": 0.4219478666782379, "val_accuracy": 0.8192608952522278, "_step": 15, "_runtime": 76, "_timestamp": 1612821067, "best_val_loss": 0.39753156900405884, "best_epoch": 7}