{"train-auc": 0.983135, "test-auc": 0.982923, "_step": 999, "_runtime": 411, "_timestamp": 1611443284}