{"graph": {"_type": "graph-file", "path": "media/graph/graph_summary_7a8e1f70.graph.json", "sha256": "7a8e1f7013ded1cbf888dce002b448d8e6f6b57a0916088ef99f783ab4b3efb1", "size": 1360}, "epoch": 84, "loss": 0.3458033502101898, "accuracy": 0.8514477610588074, "val_loss": 0.41021138429641724, "val_accuracy": 0.8197218775749207, "_step": 84, "_runtime": 383, "_timestamp": 1612823860, "best_val_loss": 0.40306979417800903, "best_epoch": 46}