{"train-auc": 0.990415, "test-auc": 0.865442, "_step": 999, "_runtime": 331, "_timestamp": 1611097263}