{"train-auc": 0.993782, "test-auc": 0.86279, "_step": 999, "_runtime": 382, "_timestamp": 1611772772}