{"graph": {"_type": "graph-file", "path": "media/graph/graph_summary_313920e0.graph.json", "sha256": "313920e085060d8586052590795b816eebcb569a45b1c706b67b88eaa8da64c0", "size": 1345}, "epoch": 25, "loss": 0.4791208505630493, "accuracy": 0.7945738434791565, "val_loss": 0.47443708777427673, "val_accuracy": 0.7972111105918884, "_step": 25, "_runtime": 126, "_timestamp": 1612822905, "best_val_loss": 0.47443708777427673, "best_epoch": 25}