{"train-auc": 0.972284, "test-auc": 0.864934, "_step": 979, "_runtime": 307, "_timestamp": 1611774149}