{"train-auc": 0.939748, "test-auc": 0.867636, "_step": 299, "_runtime": 100, "_timestamp": 1611092088}