{"train-auc": 0.941215, "test-auc": 0.867361, "_step": 299, "_runtime": 102, "_timestamp": 1611094586}