{"train-auc": 0.984523, "test-auc": 0.984355, "_step": 999, "_runtime": 396, "_timestamp": 1611433131}