{"graph": {"_type": "graph-file", "path": "media/graph/graph_summary_9fbea725.graph.json", "sha256": "9fbea725da414652d049bbfa4fb652779171e427f0c92b8d01c80a9173848e7e", "size": 1360}, "epoch": 84, "loss": 0.3692333698272705, "accuracy": 0.8383481502532959, "val_loss": 0.4030238091945648, "val_accuracy": 0.8224108815193176, "_step": 84, "_runtime": 386, "_timestamp": 1612823300, "best_val_loss": 0.4026680886745453, "best_epoch": 80}